campaign_id,platform,campaign_name,impressions,clicks,ctr,cpc,spend,sessions,date
CMP_DEC_0001,Instagram,Instagram_Liquidação_1,64793,537,0.0083,4.71,2530.08,414,2025-12-26
CMP_DEC_0002,Instagram,Instagram_Natal_2,1270357,41159,0.0324,0.1,4099.01,32893,2025-12-26
CMP_DEC_0003,Instagram,Instagram_Black_Friday_3,1833469,90940,0.0496,0.03,2383.27,74364,2025-12-30
CMP_DEC_0004,Google Ads,Google_Ads_Natal_4,1419445,28388,0.02,0.14,3918.95,19037,2025-12-10
CMP_DEC_0005,Instagram,Instagram_Black_Friday_5,640880,17688,0.0276,0.05,968.44,14867,2025-12-22
CMP_DEC_0006,Instagram,Instagram_Natal_6,1164563,13392,0.0115,0.37,4962.72,9683,2025-12-02
CMP_DEC_0007,TikTok,TikTok_Natal_7,1407855,46740,0.0332,0.02,1167.22,32901,2025-12-17
CMP_DEC_0008,Google Ads,Google_Ads_Fim_de_Ano_8,844729,12417,0.0147,0.2,2477.84,9015,2025-12-09
CMP_DEC_0009,Instagram,Instagram_Natal_9,464264,3017,0.0065,1.63,4929.95,2113,2025-12-04
CMP_DEC_0010,TikTok,TikTok_Natal_10,1918975,97100,0.0506,0.0,440.24,64242,2025-12-16
CMP_DEC_0011,Google Ads,Google_Ads_Liquidação_11,745025,40380,0.0542,0.12,4807.95,27716,2025-12-04
CMP_DEC_0012,TikTok,TikTok_Black_Friday_12,1478223,53068,0.0359,0.06,3303.44,48429,2025-12-10
CMP_DEC_0013,TikTok,TikTok_Natal_13,1897447,42123,0.0222,0.05,2293.15,32603,2025-12-13
CMP_DEC_0014,Google Ads,Google_Ads_Fim_de_Ano_14,613919,31555,0.0514,0.08,2473.24,22982,2025-12-21
CMP_DEC_0015,Instagram,Instagram_Fim_de_Ano_15,1706910,76128,0.0446,0.06,4894.92,61909,2025-12-11
CMP_DEC_0016,Google Ads,Google_Ads_Black_Friday_16,1382132,33032,0.0239,0.14,4701.91,27142,2025-12-18
CMP_DEC_0017,Google Ads,Google_Ads_Fim_de_Ano_17,672849,10900,0.0162,0.22,2387.94,9059,2025-12-01
CMP_DEC_0018,Instagram,Instagram_Black_Friday_18,176464,6017,0.0341,0.42,2544.64,5583,2025-12-14
CMP_DEC_0019,Google Ads,Google_Ads_Black_Friday_19,315213,10654,0.0338,0.21,2233.43,8545,2025-12-30
CMP_DEC_0020,Instagram,Instagram_Fim_de_Ano_20,1149161,8044,0.007,0.18,1460.56,6761,2025-12-02
CMP_DEC_0021,TikTok,TikTok_Black_Friday_21,996425,30291,0.0304,0.01,363.94,24532,2025-12-26
CMP_DEC_0022,Instagram,Instagram_Black_Friday_22,287210,8156,0.0284,0.6,4872.78,7224,2025-12-21
CMP_DEC_0023,Google Ads,Google_Ads_Liquidação_23,867042,7109,0.0082,0.66,4675.29,4715,2025-12-03
CMP_DEC_0024,Google Ads,Google_Ads_Black_Friday_24,1685997,57492,0.0341,0.08,4862.09,38901,2025-12-31
CMP_DEC_0025,Google Ads,Google_Ads_Natal_25,1273247,31958,0.0251,0.07,2154.66,29583,2025-12-28
CMP_DEC_0026,TikTok,TikTok_Black_Friday_26,1836720,29203,0.0159,0.11,3151.21,26263,2025-12-25
CMP_DEC_0027,Instagram,Instagram_Fim_de_Ano_27,501195,2205,0.0044,1.36,3006.61,1509,2025-12-25
CMP_DEC_0028,TikTok,TikTok_Natal_28,594805,11955,0.0201,0.07,796.38,10936,2025-12-30
CMP_DEC_0029,Google Ads,Google_Ads_Natal_29,1277569,14436,0.0113,0.3,4318.21,13362,2025-12-14
CMP_DEC_0030,Instagram,Instagram_Black_Friday_30,1728470,73459,0.0425,0.05,3588.7,62823,2025-12-21
CMP_DEC_0031,Google Ads,Google_Ads_Black_Friday_31,313819,15126,0.0482,0.13,1970.59,12217,2025-12-10
CMP_DEC_0032,Google Ads,Google_Ads_Natal_32,81323,4269,0.0525,0.74,3138.16,3133,2025-12-12
CMP_DEC_0033,Google Ads,Google_Ads_Fim_de_Ano_33,1140631,36043,0.0316,0.08,2819.64,28243,2025-12-15
CMP_DEC_0034,Google Ads,Google_Ads_Liquidação_34,1670162,38079,0.0228,0.06,2345.13,30407,2025-12-11
CMP_DEC_0035,Google Ads,Google_Ads_Black_Friday_35,1629115,16454,0.0101,0.11,1829.16,10706,2025-12-20
CMP_DEC_0036,TikTok,TikTok_Black_Friday_36,1807470,15544,0.0086,0.09,1384.43,12383,2025-12-19
CMP_DEC_0037,Google Ads,Google_Ads_Fim_de_Ano_37,1499390,42282,0.0282,0.06,2561.81,38657,2025-12-16
CMP_DEC_0038,TikTok,TikTok_Natal_38,982401,6189,0.0063,0.79,4861.2,4275,2025-12-28
CMP_DEC_0039,Google Ads,Google_Ads_Natal_39,335837,11250,0.0335,0.44,4943.11,7826,2025-12-30
CMP_DEC_0040,Google Ads,Google_Ads_Natal_40,206538,7621,0.0369,0.33,2525.87,5617,2025-12-26
CMP_DEC_0041,TikTok,TikTok_Liquidação_41,1126049,31304,0.0278,0.15,4549.23,21761,2025-12-25
CMP_DEC_0042,Instagram,Instagram_Fim_de_Ano_42,591810,2603,0.0044,0.99,2564.62,2234,2025-12-29
CMP_DEC_0043,TikTok,TikTok_Natal_43,927552,15304,0.0165,0.19,2937.47,10798,2025-12-31
CMP_DEC_0044,Instagram,Instagram_Black_Friday_44,706083,37493,0.0531,0.1,3751.7,32814,2025-12-10
CMP_DEC_0045,TikTok,TikTok_Black_Friday_45,175669,2986,0.017,0.49,1451.18,2002,2025-12-24
CMP_DEC_0046,TikTok,TikTok_Natal_46,287297,9107,0.0317,0.3,2690.6,7594,2025-12-29
CMP_DEC_0047,Instagram,Instagram_Fim_de_Ano_47,1520741,9124,0.006,0.25,2317.42,6899,2025-12-04
CMP_DEC_0048,Google Ads,Google_Ads_Black_Friday_48,1297100,44490,0.0343,0.11,4759.3,29707,2025-12-12
CMP_DEC_0049,Google Ads,Google_Ads_Liquidação_49,246407,9412,0.0382,0.15,1407.97,8605,2025-12-13
CMP_DEC_0050,Instagram,Instagram_Natal_50,1183396,62956,0.0532,0.08,4960.02,48713,2025-12-09
CMP_DEC_0051,Instagram,Instagram_Fim_de_Ano_51,1086868,10216,0.0094,0.4,4083.04,8555,2025-12-09
CMP_DEC_0052,Google Ads,Google_Ads_Natal_52,1655710,15398,0.0093,0.16,2410.63,12372,2025-12-30
CMP_DEC_0053,TikTok,TikTok_Natal_53,1938874,57584,0.0297,0.09,4947.94,44543,2025-12-11
CMP_DEC_0054,Instagram,Instagram_Natal_54,1309026,30762,0.0235,0.02,760.01,23890,2025-12-11
CMP_DEC_0055,TikTok,TikTok_Natal_55,626924,6582,0.0105,0.16,1082.99,5317,2025-12-31
CMP_DEC_0056,Instagram,Instagram_Natal_56,861171,28590,0.0332,0.16,4697.72,23771,2025-12-27
CMP_DEC_0057,Google Ads,Google_Ads_Black_Friday_57,1683554,28788,0.0171,0.12,3362.65,20843,2025-12-17
CMP_DEC_0058,TikTok,TikTok_Natal_58,1942593,62745,0.0323,0.04,2349.46,52794,2025-12-08
CMP_DEC_0059,Google Ads,Google_Ads_Liquidação_59,509724,14832,0.0291,0.18,2673.94,9800,2025-12-01
CMP_DEC_0060,Google Ads,Google_Ads_Black_Friday_60,1009248,4642,0.0046,0.49,2286.5,4059,2025-12-31
CMP_DEC_0061,Instagram,Instagram_Liquidação_61,1090610,59002,0.0541,0.04,2363.15,41119,2025-12-29
CMP_DEC_0062,TikTok,TikTok_Fim_de_Ano_62,1227997,12771,0.0104,0.08,1070.6,11131,2025-12-28
CMP_DEC_0063,TikTok,TikTok_Fim_de_Ano_63,1716609,19397,0.0113,0.15,2911.79,13521,2025-12-28
CMP_DEC_0064,Instagram,Instagram_Black_Friday_64,1396854,32407,0.0232,0.1,3400.33,26168,2025-12-28
CMP_DEC_0065,TikTok,TikTok_Black_Friday_65,526499,20112,0.0382,0.19,3757.42,14718,2025-12-31
CMP_DEC_0066,TikTok,TikTok_Liquidação_66,1535638,51751,0.0337,0.01,453.69,42842,2025-12-25
CMP_DEC_0067,TikTok,TikTok_Natal_67,1007155,52674,0.0523,0.03,1535.52,40917,2025-12-23
CMP_DEC_0068,Google Ads,Google_Ads_Liquidação_68,1267989,45013,0.0355,0.07,2942.69,33066,2025-12-12
CMP_DEC_0069,TikTok,TikTok_Black_Friday_69,1127194,51850,0.046,0.08,3895.46,37325,2025-12-18
CMP_DEC_0070,TikTok,TikTok_Black_Friday_70,1612615,72890,0.0452,0.07,4986.91,64043,2025-12-21
CMP_DEC_0071,Instagram,Instagram_Liquidação_71,473031,9082,0.0192,0.04,399.38,6194,2025-12-13
CMP_DEC_0072,Instagram,Instagram_Natal_72,1990435,13335,0.0067,0.27,3631.42,10391,2025-12-04
CMP_DEC_0073,TikTok,TikTok_Liquidação_73,994481,52409,0.0527,0.08,4011.24,37895,2025-12-23
CMP_DEC_0074,Google Ads,Google_Ads_Fim_de_Ano_74,828781,38372,0.0463,0.1,3990.46,30928,2025-12-05
CMP_DEC_0075,TikTok,TikTok_Natal_75,1460903,64425,0.0441,0.02,1094.69,49974,2025-12-09
CMP_DEC_0076,Instagram,Instagram_Black_Friday_76,72173,3543,0.0491,0.97,3422.6,2834,2025-12-14
CMP_DEC_0077,Google Ads,Google_Ads_Liquidação_77,697113,2370,0.0034,0.71,1678.58,1889,2025-12-21
CMP_DEC_0078,Google Ads,Google_Ads_Black_Friday_78,1872622,38201,0.0204,0.08,3198.58,35487,2025-12-27
CMP_DEC_0079,Google Ads,Google_Ads_Liquidação_79,555053,9324,0.0168,0.4,3773.61,7635,2025-12-10
CMP_DEC_0080,Google Ads,Google_Ads_Fim_de_Ano_80,1905884,21727,0.0114,0.22,4687.52,19064,2025-12-13
CMP_DEC_0081,Instagram,Instagram_Fim_de_Ano_81,368068,3901,0.0106,0.1,384.93,3352,2025-12-13
CMP_DEC_0082,Google Ads,Google_Ads_Fim_de_Ano_82,1192013,25270,0.0212,0.18,4540.63,22904,2025-12-14
CMP_DEC_0083,TikTok,TikTok_Liquidação_83,590595,10099,0.0171,0.12,1255.06,9177,2025-12-29
CMP_DEC_0084,Google Ads,Google_Ads_Liquidação_84,764007,13904,0.0182,0.31,4332.45,10097,2025-12-09
CMP_DEC_0085,Google Ads,Google_Ads_Liquidação_85,200044,8641,0.0432,0.36,3140.29,7808,2025-12-22
CMP_DEC_0086,TikTok,TikTok_Natal_86,483519,22435,0.0464,0.18,4042.9,20116,2025-12-31
CMP_DEC_0087,Instagram,Instagram_Black_Friday_87,1575255,10869,0.0069,0.36,3925.05,9371,2025-12-10
CMP_DEC_0088,Google Ads,Google_Ads_Liquidação_88,1439350,49945,0.0347,0.08,3975.36,46052,2025-12-07
CMP_DEC_0089,Instagram,Instagram_Black_Friday_89,1884094,6971,0.0037,0.17,1162.1,5376,2025-12-12
CMP_DEC_0090,TikTok,TikTok_Black_Friday_90,1259041,57664,0.0458,0.08,4573.59,43661,2025-12-30
CMP_DEC_0091,TikTok,TikTok_Natal_91,71285,983,0.0138,4.86,4777.69,908,2025-12-27
CMP_DEC_0092,TikTok,TikTok_Natal_92,1610128,55549,0.0345,0.07,3728.0,38121,2025-12-13
CMP_DEC_0093,TikTok,TikTok_Black_Friday_93,187389,7945,0.0424,0.3,2416.86,6129,2025-12-16
CMP_DEC_0094,Instagram,Instagram_Black_Friday_94,77078,4223,0.0548,0.98,4149.88,3131,2025-12-12
CMP_DEC_0095,Instagram,Instagram_Liquidação_95,1926649,47395,0.0246,0.08,3566.07,33239,2025-12-03
CMP_DEC_0096,TikTok,TikTok_Black_Friday_96,1099586,35076,0.0319,0.13,4629.94,24796,2025-12-25
CMP_DEC_0097,TikTok,TikTok_Natal_97,1814264,34108,0.0188,0.08,2660.76,22690,2025-12-31
CMP_DEC_0098,Instagram,Instagram_Liquidação_98,838188,31264,0.0373,0.06,1892.46,21188,2025-12-22
CMP_DEC_0099,Google Ads,Google_Ads_Liquidação_99,888609,23370,0.0263,0.2,4696.57,16966,2025-12-17
CMP_DEC_0100,Instagram,Instagram_Liquidação_100,448002,24147,0.0539,0.06,1428.57,18061,2025-12-22
CMP_DEC_0101,Instagram,Instagram_Fim_de_Ano_101,1355788,13015,0.0096,0.3,3951.18,11999,2025-12-14
CMP_DEC_0102,Instagram,Instagram_Liquidação_102,1755942,28095,0.016,0.05,1296.67,20566,2025-12-15
CMP_DEC_0103,Google Ads,Google_Ads_Natal_103,595256,31072,0.0522,0.04,1260.92,26954,2025-12-31
CMP_DEC_0104,Instagram,Instagram_Black_Friday_104,339442,11405,0.0336,0.42,4831.27,8205,2025-12-16
CMP_DEC_0105,Google Ads,Google_Ads_Natal_105,526811,5320,0.0101,0.37,1952.07,4069,2025-12-26
CMP_DEC_0106,TikTok,TikTok_Black_Friday_106,367461,17197,0.0468,0.09,1480.04,13410,2025-12-15
CMP_DEC_0107,TikTok,TikTok_Natal_107,185181,8870,0.0479,0.46,4095.69,7675,2025-12-03
CMP_DEC_0108,TikTok,TikTok_Liquidação_108,181880,5911,0.0325,0.34,1994.57,4073,2025-12-04
CMP_DEC_0109,TikTok,TikTok_Black_Friday_109,1589266,24474,0.0154,0.08,1998.72,16415,2025-12-28
CMP_DEC_0110,TikTok,TikTok_Natal_110,545554,14839,0.0272,0.09,1261.83,10508,2025-12-22
CMP_DEC_0111,TikTok,TikTok_Fim_de_Ano_111,827507,9268,0.0112,0.48,4432.79,7506,2025-12-18
CMP_DEC_0112,Google Ads,Google_Ads_Black_Friday_112,996951,45959,0.0461,0.09,3951.45,30471,2025-12-03
CMP_DEC_0113,Instagram,Instagram_Natal_113,1354442,29662,0.0219,0.14,4238.03,26879,2025-12-08
CMP_DEC_0114,Google Ads,Google_Ads_Black_Friday_114,908563,28165,0.031,0.07,1988.95,25375,2025-12-02
CMP_DEC_0115,TikTok,TikTok_Black_Friday_115,1769887,45840,0.0259,0.04,1781.03,31442,2025-12-20
CMP_DEC_0116,TikTok,TikTok_Fim_de_Ano_116,682787,20415,0.0299,0.02,398.31,14026,2025-12-01
CMP_DEC_0117,Google Ads,Google_Ads_Fim_de_Ano_117,1950694,100655,0.0516,0.04,3819.55,84257,2025-12-20
CMP_DEC_0118,TikTok,TikTok_Black_Friday_118,257866,12248,0.0475,0.18,2242.78,8842,2025-12-25
CMP_DEC_0119,TikTok,TikTok_Fim_de_Ano_119,1731955,77071,0.0445,0.06,4648.75,60346,2025-12-02
CMP_DEC_0120,Google Ads,Google_Ads_Natal_120,1830621,48694,0.0266,0.01,636.79,39383,2025-12-25
CMP_DEC_0121,Instagram,Instagram_Fim_de_Ano_121,337694,2262,0.0067,0.5,1123.25,1792,2025-12-06
CMP_DEC_0122,TikTok,TikTok_Natal_122,1994067,30309,0.0152,0.07,2249.05,26357,2025-12-15
CMP_DEC_0123,Google Ads,Google_Ads_Liquidação_123,899753,43638,0.0485,0.07,3227.12,37560,2025-12-23
CMP_DEC_0124,TikTok,TikTok_Natal_124,1592503,56533,0.0355,0.02,1086.57,43621,2025-12-06
CMP_DEC_0125,Google Ads,Google_Ads_Fim_de_Ano_125,222128,6641,0.0299,0.38,2496.16,5127,2025-12-12
CMP_DEC_0126,Google Ads,Google_Ads_Liquidação_126,1511630,74825,0.0495,0.06,4231.24,60555,2025-12-16
CMP_DEC_0127,TikTok,TikTok_Liquidação_127,1814626,42462,0.0234,0.08,3552.78,33809,2025-12-10
CMP_DEC_0128,TikTok,TikTok_Liquidação_128,1391828,18928,0.0136,0.16,2962.49,13090,2025-12-16
CMP_DEC_0129,Google Ads,Google_Ads_Black_Friday_129,348290,12399,0.0356,0.07,824.83,9507,2025-12-12
CMP_DEC_0130,Google Ads,Google_Ads_Black_Friday_130,104488,4576,0.0438,0.9,4136.85,3684,2025-12-19
CMP_DEC_0131,Instagram,Instagram_Natal_131,1057556,40927,0.0387,0.08,3427.16,28698,2025-12-04
CMP_DEC_0132,Google Ads,Google_Ads_Liquidação_132,1228922,37605,0.0306,0.11,4000.69,28690,2025-12-22
CMP_DEC_0133,TikTok,TikTok_Black_Friday_133,1350158,71288,0.0528,0.06,4185.04,46416,2025-12-27
CMP_DEC_0134,Google Ads,Google_Ads_Black_Friday_134,962438,14244,0.0148,0.03,468.07,11365,2025-12-12
CMP_DEC_0135,Google Ads,Google_Ads_Fim_de_Ano_135,641927,5584,0.0087,0.24,1318.04,4409,2025-12-18
CMP_DEC_0136,Google Ads,Google_Ads_Black_Friday_136,1047976,40032,0.0382,0.05,1894.29,36039,2025-12-27
CMP_DEC_0137,Instagram,Instagram_Natal_137,1051049,49083,0.0467,0.01,604.12,40025,2025-12-22
CMP_DEC_0138,Google Ads,Google_Ads_Black_Friday_138,379504,1859,0.0049,0.64,1193.26,1711,2025-12-07
CMP_DEC_0139,Google Ads,Google_Ads_Fim_de_Ano_139,881602,44697,0.0507,0.04,1852.04,29188,2025-12-09
CMP_DEC_0140,TikTok,TikTok_Black_Friday_140,1862404,75427,0.0405,0.02,1411.02,61196,2025-12-16
CMP_DEC_0141,TikTok,TikTok_Liquidação_141,157106,4823,0.0307,0.06,311.22,3720,2025-12-13
CMP_DEC_0142,Instagram,Instagram_Black_Friday_142,686521,36385,0.053,0.04,1459.63,31228,2025-12-25
CMP_DEC_0143,Google Ads,Google_Ads_Natal_143,112665,3954,0.0351,1.23,4850.3,2639,2025-12-12
CMP_DEC_0144,Instagram,Instagram_Liquidação_144,1185354,54052,0.0456,0.09,4903.05,44558,2025-12-20
CMP_DEC_0145,TikTok,TikTok_Natal_145,1402054,33649,0.024,0.08,2544.02,29959,2025-12-07
CMP_DEC_0146,Instagram,Instagram_Liquidação_146,737150,12015,0.0163,0.15,1794.92,8565,2025-12-03
CMP_DEC_0147,Instagram,Instagram_Liquidação_147,482512,24077,0.0499,0.02,457.34,21327,2025-12-28
CMP_DEC_0148,TikTok,TikTok_Liquidação_148,1505364,42601,0.0283,0.09,3759.65,38270,2025-12-25
CMP_DEC_0149,Google Ads,Google_Ads_Black_Friday_149,1360182,42709,0.0314,0.01,410.09,27959,2025-12-08
CMP_DEC_0150,Google Ads,Google_Ads_Black_Friday_150,744924,36203,0.0486,0.08,2722.75,26768,2025-12-20
CMP_DEC_0151,TikTok,TikTok_Fim_de_Ano_151,1200119,26282,0.0219,0.07,1910.98,24138,2025-12-28
CMP_DEC_0152,Instagram,Instagram_Black_Friday_152,1116941,5808,0.0052,0.32,1857.8,4853,2025-12-10
CMP_DEC_0153,Google Ads,Google_Ads_Black_Friday_153,1366283,58613,0.0429,0.01,476.04,39069,2025-12-29
CMP_DEC_0154,TikTok,TikTok_Fim_de_Ano_154,1468939,77119,0.0525,0.05,3600.43,66194,2025-12-02
CMP_DEC_0155,Instagram,Instagram_Black_Friday_155,675057,20656,0.0306,0.21,4298.43,16464,2025-12-09
CMP_DEC_0156,Instagram,Instagram_Natal_156,875501,37033,0.0423,0.03,998.89,31460,2025-12-12
CMP_DEC_0157,TikTok,TikTok_Black_Friday_157,498995,22604,0.0453,0.19,4330.39,17552,2025-12-31
CMP_DEC_0158,Instagram,Instagram_Liquidação_158,240087,3793,0.0158,1.03,3893.57,3200,2025-12-19
CMP_DEC_0159,Google Ads,Google_Ads_Fim_de_Ano_159,411199,8799,0.0214,0.29,2524.89,6433,2025-12-16
CMP_DEC_0160,TikTok,TikTok_Liquidação_160,1767856,46494,0.0263,0.1,4472.67,34992,2025-12-02
CMP_DEC_0161,Instagram,Instagram_Liquidação_161,1105028,4972,0.0045,0.24,1189.58,3757,2025-12-24
CMP_DEC_0162,TikTok,TikTok_Natal_162,500516,17968,0.0359,0.21,3741.97,13942,2025-12-01
CMP_DEC_0163,TikTok,TikTok_Fim_de_Ano_163,771199,10411,0.0135,0.45,4671.99,8281,2025-12-15
CMP_DEC_0164,Instagram,Instagram_Fim_de_Ano_164,1194998,43856,0.0367,0.04,1608.51,34380,2025-12-22
CMP_DEC_0165,Instagram,Instagram_Liquidação_165,1265680,11137,0.0088,0.43,4785.99,7639,2025-12-29
CMP_DEC_0166,TikTok,TikTok_Liquidação_166,1494385,8667,0.0058,0.14,1210.58,7399,2025-12-12
CMP_DEC_0167,Google Ads,Google_Ads_Liquidação_167,1101703,45059,0.0409,0.04,2013.55,32867,2025-12-16
CMP_DEC_0168,Google Ads,Google_Ads_Fim_de_Ano_168,1690187,32282,0.0191,0.05,1658.68,23319,2025-12-18
CMP_DEC_0169,TikTok,TikTok_Fim_de_Ano_169,277271,13031,0.047,0.33,4360.3,10136,2025-12-12
CMP_DEC_0170,TikTok,TikTok_Black_Friday_170,1735964,43919,0.0253,0.03,1419.32,36293,2025-12-04
CMP_DEC_0171,Instagram,Instagram_Fim_de_Ano_171,436463,11391,0.0261,0.12,1321.05,8845,2025-12-19
CMP_DEC_0172,Instagram,Instagram_Liquidação_172,1012850,33018,0.0326,0.07,2450.79,26568,2025-12-27
CMP_DEC_0173,Google Ads,Google_Ads_Natal_173,1805944,34312,0.019,0.07,2249.75,22646,2025-12-01
CMP_DEC_0174,Instagram,Instagram_Liquidação_174,1443304,23814,0.0165,0.06,1446.73,20521,2025-12-23
CMP_DEC_0175,Instagram,Instagram_Fim_de_Ano_175,1768330,52165,0.0295,0.07,3651.35,34449,2025-12-15
CMP_DEC_0176,Google Ads,Google_Ads_Liquidação_176,570727,8503,0.0149,0.51,4340.53,5746,2025-12-04
CMP_DEC_0177,Instagram,Instagram_Black_Friday_177,1221732,35674,0.0292,0.12,4234.02,29136,2025-12-12
CMP_DEC_0178,Instagram,Instagram_Fim_de_Ano_178,835033,9853,0.0118,0.45,4441.27,7594,2025-12-20
CMP_DEC_0179,Instagram,Instagram_Natal_179,1713791,61525,0.0359,0.04,2547.72,41368,2025-12-06
CMP_DEC_0180,TikTok,TikTok_Black_Friday_180,751407,8490,0.0113,0.53,4459.78,5681,2025-12-03
CMP_DEC_0181,Instagram,Instagram_Black_Friday_181,1409814,5498,0.0039,0.52,2870.27,5003,2025-12-28
CMP_DEC_0182,TikTok,TikTok_Black_Friday_182,638014,20863,0.0327,0.19,4066.62,13675,2025-12-05
CMP_DEC_0183,Google Ads,Google_Ads_Black_Friday_183,1558172,64664,0.0415,0.02,1156.8,55070,2025-12-28
CMP_DEC_0184,Google Ads,Google_Ads_Natal_184,960683,5475,0.0057,0.06,332.59,5052,2025-12-20
CMP_DEC_0185,Google Ads,Google_Ads_Black_Friday_185,1513190,8927,0.0059,0.26,2284.42,7649,2025-12-31
CMP_DEC_0186,TikTok,TikTok_Black_Friday_186,1203459,10229,0.0085,0.29,3014.88,7033,2025-12-08
CMP_DEC_0187,Google Ads,Google_Ads_Liquidação_187,1950986,65553,0.0336,0.07,4747.76,46493,2025-12-16
CMP_DEC_0188,Google Ads,Google_Ads_Fim_de_Ano_188,739044,27049,0.0366,0.11,2894.31,22531,2025-12-17
CMP_DEC_0189,Google Ads,Google_Ads_Natal_189,710888,27653,0.0389,0.02,466.29,18166,2025-12-01
CMP_DEC_0190,TikTok,TikTok_Natal_190,1488672,74284,0.0499,0.04,3321.51,63752,2025-12-03
CMP_DEC_0191,Google Ads,Google_Ads_Natal_191,492722,19216,0.039,0.12,2240.64,17194,2025-12-26
CMP_DEC_0192,Instagram,Instagram_Black_Friday_192,1407500,23223,0.0165,0.11,2510.54,19322,2025-12-05
CMP_DEC_0193,Google Ads,Google_Ads_Natal_193,661171,7008,0.0106,0.13,939.94,4557,2025-12-10
CMP_DEC_0194,Instagram,Instagram_Fim_de_Ano_194,478229,14107,0.0295,0.19,2728.47,11974,2025-12-30
CMP_DEC_0195,Instagram,Instagram_Black_Friday_195,1069787,47391,0.0443,0.03,1617.77,33242,2025-12-23
CMP_DEC_0196,TikTok,TikTok_Liquidação_196,426217,12573,0.0295,0.08,1034.28,9520,2025-12-21
CMP_DEC_0197,TikTok,TikTok_Natal_197,1650502,51330,0.0311,0.05,2514.4,47401,2025-12-31
CMP_DEC_0198,TikTok,TikTok_Natal_198,806735,17828,0.0221,0.24,4316.98,12007,2025-12-04
CMP_DEC_0199,Google Ads,Google_Ads_Liquidação_199,1964675,28880,0.0147,0.04,1052.07,20262,2025-12-12
CMP_DEC_0200,Instagram,Instagram_Black_Friday_200,416550,11455,0.0275,0.17,1928.51,8487,2025-12-18
CMP_DEC_0201,Google Ads,Google_Ads_Fim_de_Ano_201,881876,35010,0.0397,0.02,582.7,23110,2025-12-19
CMP_DEC_0202,Google Ads,Google_Ads_Fim_de_Ano_202,1419452,52661,0.0371,0.09,4608.86,42381,2025-12-25
CMP_DEC_0203,TikTok,TikTok_Liquidação_203,721201,23222,0.0322,0.1,2379.31,17619,2025-12-23
CMP_DEC_0204,Instagram,Instagram_Fim_de_Ano_204,1066001,31553,0.0296,0.1,3086.87,28597,2025-12-24
CMP_DEC_0205,Google Ads,Google_Ads_Fim_de_Ano_205,1488608,15630,0.0105,0.31,4830.59,11022,2025-12-10
CMP_DEC_0206,TikTok,TikTok_Fim_de_Ano_206,1403308,58798,0.0419,0.02,1233.12,41457,2025-12-22
CMP_DEC_0207,TikTok,TikTok_Natal_207,938644,9386,0.01,0.19,1783.75,6224,2025-12-24
CMP_DEC_0208,Instagram,Instagram_Natal_208,887224,2839,0.0032,1.32,3756.58,2324,2025-12-01
CMP_DEC_0209,Google Ads,Google_Ads_Liquidação_209,1344779,10220,0.0076,0.42,4306.0,7810,2025-12-09
CMP_DEC_0210,TikTok,TikTok_Natal_210,1710114,9747,0.0057,0.07,704.48,7941,2025-12-03
CMP_DEC_0211,Google Ads,Google_Ads_Black_Friday_211,1513383,10593,0.007,0.32,3400.69,8973,2025-12-06
CMP_DEC_0212,Instagram,Instagram_Natal_212,967818,28163,0.0291,0.07,2109.87,24807,2025-12-06
CMP_DEC_0213,Instagram,Instagram_Black_Friday_213,1805816,47854,0.0265,0.06,2887.47,37003,2025-12-24
CMP_DEC_0214,TikTok,TikTok_Fim_de_Ano_214,1672080,61699,0.0369,0.05,3087.63,55187,2025-12-10
CMP_DEC_0215,TikTok,TikTok_Fim_de_Ano_215,836638,6023,0.0072,0.4,2429.51,4240,2025-12-09
CMP_DEC_0216,Google Ads,Google_Ads_Fim_de_Ano_216,1476947,12849,0.0087,0.35,4451.89,11389,2025-12-14
CMP_DEC_0217,TikTok,TikTok_Black_Friday_217,964807,18234,0.0189,0.26,4689.27,13893,2025-12-09
CMP_DEC_0218,Instagram,Instagram_Liquidação_218,1461116,29514,0.0202,0.08,2312.02,27218,2025-12-25
CMP_DEC_0219,TikTok,TikTok_Natal_219,706308,4873,0.0069,0.99,4828.91,4224,2025-12-20
CMP_DEC_0220,Instagram,Instagram_Black_Friday_220,1975810,16004,0.0081,0.2,3188.95,12697,2025-12-15
CMP_DEC_0221,TikTok,TikTok_Liquidação_221,851450,44190,0.0519,0.03,1155.97,32227,2025-12-24
CMP_DEC_0222,Instagram,Instagram_Fim_de_Ano_222,1175415,13164,0.0112,0.22,2850.45,9571,2025-12-15
CMP_DEC_0223,Instagram,Instagram_Natal_223,1164577,28648,0.0246,0.08,2335.7,20267,2025-12-06
CMP_DEC_0224,TikTok,TikTok_Liquidação_224,852258,4261,0.005,0.72,3058.83,3499,2025-12-02
CMP_DEC_0225,TikTok,TikTok_Black_Friday_225,773261,39436,0.051,0.06,2212.43,26942,2025-12-19
CMP_DEC_0226,Instagram,Instagram_Liquidação_226,1440488,70872,0.0492,0.05,3650.59,62891,2025-12-26
CMP_DEC_0227,TikTok,TikTok_Liquidação_227,1590071,66941,0.0421,0.05,3432.95,57743,2025-12-23
CMP_DEC_0228,Google Ads,Google_Ads_Natal_228,1211567,35014,0.0289,0.02,616.81,25000,2025-12-30
CMP_DEC_0229,Instagram,Instagram_Fim_de_Ano_229,902100,26160,0.029,0.14,3726.43,18169,2025-12-21
CMP_DEC_0230,Google Ads,Google_Ads_Liquidação_230,105015,2772,0.0264,0.17,457.61,2561,2025-12-07
CMP_DEC_0231,Instagram,Instagram_Natal_231,267031,13351,0.05,0.14,1867.09,12180,2025-12-08
CMP_DEC_0232,TikTok,TikTok_Liquidação_232,222088,3819,0.0172,0.51,1965.07,2709,2025-12-05
CMP_DEC_0233,Google Ads,Google_Ads_Natal_233,1925356,100888,0.0524,0.02,2218.65,93312,2025-12-08
CMP_DEC_0234,Google Ads,Google_Ads_Black_Friday_234,1314514,4995,0.0038,0.69,3441.06,4065,2025-12-25
CMP_DEC_0235,Instagram,Instagram_Fim_de_Ano_235,1340669,47057,0.0351,0.05,2469.38,36223,2025-12-21
CMP_DEC_0236,Google Ads,Google_Ads_Black_Friday_236,1794433,77160,0.043,0.04,3385.55,51693,2025-12-18
CMP_DEC_0237,Google Ads,Google_Ads_Liquidação_237,463820,22309,0.0481,0.07,1555.93,20465,2025-12-21
CMP_DEC_0238,Google Ads,Google_Ads_Fim_de_Ano_238,340528,9670,0.0284,0.33,3237.14,6490,2025-12-17
CMP_DEC_0239,Google Ads,Google_Ads_Natal_239,1000772,51139,0.0511,0.08,3905.79,46887,2025-12-09
CMP_DEC_0240,TikTok,TikTok_Liquidação_240,273461,4183,0.0153,0.8,3334.51,3243,2025-12-31
CMP_DEC_0241,TikTok,TikTok_Black_Friday_241,1454840,46700,0.0321,0.05,2370.93,42569,2025-12-07
CMP_DEC_0242,Google Ads,Google_Ads_Natal_242,1038994,22130,0.0213,0.1,2319.79,15227,2025-12-06
CMP_DEC_0243,Instagram,Instagram_Fim_de_Ano_243,1859118,30489,0.0164,0.09,2876.98,24253,2025-12-19
CMP_DEC_0244,Instagram,Instagram_Natal_244,617366,31362,0.0508,0.03,1081.11,20809,2025-12-27
CMP_DEC_0245,TikTok,TikTok_Black_Friday_245,632057,32108,0.0508,0.03,875.04,26224,2025-12-11
CMP_DEC_0246,Instagram,Instagram_Liquidação_246,1237273,57533,0.0465,0.03,1874.45,44971,2025-12-12
CMP_DEC_0247,Instagram,Instagram_Fim_de_Ano_247,357676,16166,0.0452,0.15,2461.4,11501,2025-12-03
CMP_DEC_0248,TikTok,TikTok_Liquidação_248,1216505,25303,0.0208,0.19,4900.59,22445,2025-12-22
CMP_DEC_0249,Instagram,Instagram_Liquidação_249,1612294,51270,0.0318,0.08,3899.74,41745,2025-12-21
CMP_DEC_0250,Instagram,Instagram_Fim_de_Ano_250,1084034,37182,0.0343,0.09,3330.13,25149,2025-12-09
CMP_DEC_0251,Instagram,Instagram_Liquidação_251,607706,19628,0.0323,0.04,877.8,16776,2025-12-17
CMP_DEC_0252,Google Ads,Google_Ads_Fim_de_Ano_252,1763595,66663,0.0378,0.05,3347.18,57250,2025-12-27
CMP_DEC_0253,TikTok,TikTok_Black_Friday_253,821020,3119,0.0038,0.64,2007.48,2138,2025-12-21
CMP_DEC_0254,Google Ads,Google_Ads_Fim_de_Ano_254,1601363,84712,0.0529,0.04,3268.45,69317,2025-12-23
CMP_DEC_0255,Instagram,Instagram_Liquidação_255,1114546,38340,0.0344,0.05,2039.14,29807,2025-12-31
CMP_DEC_0256,Google Ads,Google_Ads_Liquidação_256,863633,8981,0.0104,0.56,4993.09,6817,2025-12-13
CMP_DEC_0257,Instagram,Instagram_Fim_de_Ano_257,1402273,54688,0.039,0.04,2201.3,45945,2025-12-03
CMP_DEC_0258,Google Ads,Google_Ads_Liquidação_258,1919850,26301,0.0137,0.14,3737.78,19888,2025-12-09
CMP_DEC_0259,Google Ads,Google_Ads_Liquidação_259,642461,6617,0.0103,0.38,2527.4,4604,2025-12-06
CMP_DEC_0260,Google Ads,Google_Ads_Liquidação_260,337634,4963,0.0147,0.67,3328.24,3999,2025-12-23
CMP_DEC_0261,TikTok,TikTok_Natal_261,1387329,43839,0.0316,0.05,2342.13,37919,2025-12-17
CMP_DEC_0262,TikTok,TikTok_Black_Friday_262,1454118,14104,0.0097,0.05,766.83,12832,2025-12-03
CMP_DEC_0263,Google Ads,Google_Ads_Fim_de_Ano_263,370568,13822,0.0373,0.02,342.68,11419,2025-12-31
CMP_DEC_0264,Google Ads,Google_Ads_Black_Friday_264,530668,26002,0.049,0.13,3377.34,20612,2025-12-21
CMP_DEC_0265,Instagram,Instagram_Black_Friday_265,881180,21324,0.0242,0.17,3589.0,15900,2025-12-23
CMP_DEC_0266,TikTok,TikTok_Natal_266,1842726,94347,0.0512,0.03,3181.64,83839,2025-12-13
CMP_DEC_0267,Google Ads,Google_Ads_Fim_de_Ano_267,53170,2903,0.0546,1.13,3279.4,2100,2025-12-21
CMP_DEC_0268,Instagram,Instagram_Liquidação_268,893034,14467,0.0162,0.15,2188.55,11286,2025-12-10
CMP_DEC_0269,Instagram,Instagram_Black_Friday_269,245181,8238,0.0336,0.4,3325.08,6358,2025-12-11
CMP_DEC_0270,Instagram,Instagram_Natal_270,1276836,11363,0.0089,0.24,2743.22,7577,2025-12-10
CMP_DEC_0271,Instagram,Instagram_Fim_de_Ano_271,107791,4688,0.0435,0.45,2103.8,3125,2025-12-26
CMP_DEC_0272,Instagram,Instagram_Natal_272,135970,6920,0.0509,0.54,3761.38,6280,2025-12-14
CMP_DEC_0273,Instagram,Instagram_Natal_273,389844,16100,0.0413,0.24,3909.6,10934,2025-12-19
CMP_DEC_0274,Instagram,Instagram_Black_Friday_274,931611,4099,0.0044,1.15,4726.11,2792,2025-12-31
CMP_DEC_0275,Instagram,Instagram_Black_Friday_275,1690945,63410,0.0375,0.01,578.26,45577,2025-12-06
CMP_DEC_0276,Instagram,Instagram_Black_Friday_276,1482719,43295,0.0292,0.09,4056.28,30568,2025-12-25
CMP_DEC_0277,TikTok,TikTok_Natal_277,845988,44921,0.0531,0.04,1867.77,29826,2025-12-22
CMP_DEC_0278,TikTok,TikTok_Liquidação_278,1752444,68695,0.0392,0.05,3529.53,53525,2025-12-16
CMP_DEC_0279,Google Ads,Google_Ads_Fim_de_Ano_279,1699287,23280,0.0137,0.03,752.52,17512,2025-12-02
CMP_DEC_0280,Google Ads,Google_Ads_Fim_de_Ano_280,504934,11108,0.022,0.12,1382.98,7639,2025-12-13
CMP_DEC_0281,TikTok,TikTok_Natal_281,772840,22335,0.0289,0.11,2370.49,20054,2025-12-13
CMP_DEC_0282,Google Ads,Google_Ads_Fim_de_Ano_282,212381,2017,0.0095,1.61,3245.07,1655,2025-12-22
CMP_DEC_0283,Google Ads,Google_Ads_Natal_283,479310,4984,0.0104,0.53,2661.89,3994,2025-12-18
CMP_DEC_0284,TikTok,TikTok_Natal_284,988498,6524,0.0066,0.42,2710.93,5287,2025-12-10
CMP_DEC_0285,TikTok,TikTok_Natal_285,1342964,26187,0.0195,0.07,1706.51,20103,2025-12-21
CMP_DEC_0286,TikTok,TikTok_Liquidação_286,795448,33965,0.0427,0.13,4377.91,29897,2025-12-18
CMP_DEC_0287,TikTok,TikTok_Fim_de_Ano_287,65001,2021,0.0311,2.14,4334.12,1784,2025-12-19
CMP_DEC_0288,Google Ads,Google_Ads_Liquidação_288,1433039,45140,0.0315,0.1,4300.86,40709,2025-12-23
CMP_DEC_0289,TikTok,TikTok_Liquidação_289,1985761,48253,0.0243,0.1,4807.01,35206,2025-12-26
CMP_DEC_0290,Instagram,Instagram_Black_Friday_290,1539259,66188,0.043,0.06,4236.89,52433,2025-12-24
CMP_DEC_0291,Instagram,Instagram_Fim_de_Ano_291,214728,11101,0.0517,0.37,4158.09,10285,2025-12-31
CMP_DEC_0292,Google Ads,Google_Ads_Fim_de_Ano_292,317338,11202,0.0353,0.16,1819.48,9546,2025-12-05
CMP_DEC_0293,Instagram,Instagram_Liquidação_293,1416189,32997,0.0233,0.1,3304.92,24102,2025-12-30
CMP_DEC_0294,Google Ads,Google_Ads_Liquidação_294,400753,3686,0.0092,1.15,4255.39,2524,2025-12-15
CMP_DEC_0295,Google Ads,Google_Ads_Fim_de_Ano_295,1739200,46610,0.0268,0.06,2689.79,33848,2025-12-19
CMP_DEC_0296,Google Ads,Google_Ads_Natal_296,1338982,62128,0.0464,0.04,2600.5,56998,2025-12-15
CMP_DEC_0297,TikTok,TikTok_Natal_297,1630118,87374,0.0536,0.03,2909.41,79909,2025-12-21
CMP_DEC_0298,Google Ads,Google_Ads_Black_Friday_298,1099718,50257,0.0457,0.03,1304.37,34720,2025-12-21
CMP_DEC_0299,Instagram,Instagram_Liquidação_299,492829,22522,0.0457,0.04,866.01,14953,2025-12-05
CMP_DEC_0300,TikTok,TikTok_Liquidação_300,1072942,50535,0.0471,0.08,4206.59,44063,2025-12-08
CMP_DEC_0301,Google Ads,Google_Ads_Black_Friday_301,1600669,72190,0.0451,0.03,2266.26,59052,2025-12-04
CMP_DEC_0302,TikTok,TikTok_Black_Friday_302,143296,2880,0.0201,1.68,4836.34,2432,2025-12-24
CMP_DEC_0303,Google Ads,Google_Ads_Natal_303,627684,14185,0.0226,0.22,3064.04,13111,2025-12-01
CMP_DEC_0304,Instagram,Instagram_Liquidação_304,298251,7486,0.0251,0.63,4704.1,4930,2025-12-17
CMP_DEC_0305,Instagram,Instagram_Natal_305,699494,29168,0.0417,0.14,4010.08,22913,2025-12-05
CMP_DEC_0306,Google Ads,Google_Ads_Natal_306,1303603,45886,0.0352,0.09,3995.07,35147,2025-12-19
CMP_DEC_0307,Instagram,Instagram_Fim_de_Ano_307,1102251,46404,0.0421,0.09,4320.38,33309,2025-12-09
CMP_DEC_0308,Google Ads,Google_Ads_Fim_de_Ano_308,1468178,63865,0.0435,0.05,3160.96,47379,2025-12-16
CMP_DEC_0309,Instagram,Instagram_Fim_de_Ano_309,230786,3600,0.0156,0.14,517.45,2992,2025-12-02
CMP_DEC_0310,TikTok,TikTok_Natal_310,63932,1815,0.0284,2.52,4580.03,1432,2025-12-13
CMP_DEC_0311,Google Ads,Google_Ads_Black_Friday_311,1496641,80519,0.0538,0.01,767.23,62846,2025-12-05
CMP_DEC_0312,Instagram,Instagram_Natal_312,1916040,80473,0.042,0.04,3136.73,53067,2025-12-02
CMP_DEC_0313,Google Ads,Google_Ads_Liquidação_313,1985752,41700,0.021,0.07,3092.86,36792,2025-12-25
CMP_DEC_0314,Instagram,Instagram_Natal_314,213148,9144,0.0429,0.38,3509.11,7893,2025-12-04
CMP_DEC_0315,Instagram,Instagram_Fim_de_Ano_315,164471,8700,0.0529,0.51,4395.47,5842,2025-12-28
CMP_DEC_0316,Google Ads,Google_Ads_Liquidação_316,1649860,29862,0.0181,0.17,4977.34,25277,2025-12-17
CMP_DEC_0317,Google Ads,Google_Ads_Liquidação_317,1677054,47292,0.0282,0.1,4913.14,36888,2025-12-16
CMP_DEC_0318,Google Ads,Google_Ads_Black_Friday_318,1071114,44879,0.0419,0.04,1611.43,34441,2025-12-20
CMP_DEC_0319,Google Ads,Google_Ads_Fim_de_Ano_319,1785074,75508,0.0423,0.03,2090.91,66381,2025-12-26
CMP_DEC_0320,Google Ads,Google_Ads_Natal_320,601607,20935,0.0348,0.21,4329.81,19258,2025-12-31
CMP_DEC_0321,TikTok,TikTok_Black_Friday_321,1180180,5074,0.0043,0.63,3214.18,4205,2025-12-23
CMP_DEC_0322,Instagram,Instagram_Black_Friday_322,496522,22840,0.046,0.08,1872.06,21145,2025-12-03
CMP_DEC_0323,Google Ads,Google_Ads_Liquidação_323,1971239,28582,0.0145,0.16,4620.52,20224,2025-12-19
CMP_DEC_0324,Instagram,Instagram_Liquidação_324,264637,9818,0.0371,0.22,2205.88,7038,2025-12-03
CMP_DEC_0325,TikTok,TikTok_Black_Friday_325,1295127,49085,0.0379,0.03,1345.35,33640,2025-12-26
CMP_DEC_0326,TikTok,TikTok_Fim_de_Ano_326,1177994,45470,0.0386,0.07,3290.21,39539,2025-12-15
CMP_DEC_0327,Google Ads,Google_Ads_Liquidação_327,1756106,15980,0.0091,0.26,4170.25,11918,2025-12-05
CMP_DEC_0328,TikTok,TikTok_Black_Friday_328,1082957,56097,0.0518,0.02,1256.51,36754,2025-12-26
CMP_DEC_0329,Instagram,Instagram_Fim_de_Ano_329,671790,33925,0.0505,0.03,911.35,25604,2025-12-20
CMP_DEC_0330,Instagram,Instagram_Black_Friday_330,1783632,13198,0.0074,0.25,3338.5,11005,2025-12-01
CMP_DEC_0331,Google Ads,Google_Ads_Liquidação_331,1323801,57717,0.0436,0.08,4614.03,44587,2025-12-01
CMP_DEC_0332,TikTok,TikTok_Black_Friday_332,666712,29401,0.0441,0.11,3272.7,24925,2025-12-26
CMP_DEC_0333,Google Ads,Google_Ads_Fim_de_Ano_333,738289,26135,0.0354,0.16,4242.65,18116,2025-12-05
CMP_DEC_0334,TikTok,TikTok_Black_Friday_334,465970,6989,0.015,0.08,537.07,6159,2025-12-12
CMP_DEC_0335,Google Ads,Google_Ads_Fim_de_Ano_335,444011,24154,0.0544,0.1,2387.59,21330,2025-12-06
CMP_DEC_0336,Google Ads,Google_Ads_Black_Friday_336,1442225,13845,0.0096,0.31,4326.88,10404,2025-12-07
CMP_DEC_0337,Google Ads,Google_Ads_Natal_337,341623,7584,0.0222,0.4,3038.48,6042,2025-12-19
CMP_DEC_0338,Instagram,Instagram_Fim_de_Ano_338,533945,12601,0.0236,0.35,4358.92,8779,2025-12-18
CMP_DEC_0339,TikTok,TikTok_Natal_339,704904,14450,0.0205,0.31,4504.15,12812,2025-12-01
CMP_DEC_0340,TikTok,TikTok_Liquidação_340,167519,7705,0.046,0.4,3067.9,5020,2025-12-19
CMP_DEC_0341,Instagram,Instagram_Liquidação_341,77939,2665,0.0342,0.86,2304.41,2032,2025-12-21
CMP_DEC_0342,TikTok,TikTok_Black_Friday_342,332074,14478,0.0436,0.08,1119.55,11892,2025-12-30
CMP_DEC_0343,Instagram,Instagram_Natal_343,1837279,7349,0.004,0.39,2899.19,6614,2025-12-19
CMP_DEC_0344,TikTok,TikTok_Black_Friday_344,1110811,23549,0.0212,0.14,3349.28,21547,2025-12-29
CMP_DEC_0345,TikTok,TikTok_Natal_345,491827,6049,0.0123,0.69,4189.74,4486,2025-12-24
CMP_DEC_0346,Instagram,Instagram_Liquidação_346,1551276,22648,0.0146,0.02,375.51,17242,2025-12-11
CMP_DEC_0347,Google Ads,Google_Ads_Fim_de_Ano_347,1945430,18287,0.0094,0.05,996.68,16158,2025-12-10
CMP_DEC_0348,Google Ads,Google_Ads_Black_Friday_348,1892094,75872,0.0401,0.05,3827.92,66982,2025-12-04
CMP_DEC_0349,TikTok,TikTok_Liquidação_349,911870,23343,0.0256,0.06,1342.92,18027,2025-12-26
CMP_DEC_0350,Instagram,Instagram_Black_Friday_350,382792,15388,0.0402,0.32,4909.73,11779,2025-12-29
CMP_DEC_0351,Instagram,Instagram_Liquidação_351,784412,29337,0.0374,0.11,3089.94,25029,2025-12-24
CMP_DEC_0352,TikTok,TikTok_Black_Friday_352,1670864,58480,0.035,0.05,2867.48,53765,2025-12-13
CMP_DEC_0353,Google Ads,Google_Ads_Fim_de_Ano_353,1508942,4979,0.0033,0.65,3237.22,3883,2025-12-27
CMP_DEC_0354,Google Ads,Google_Ads_Liquidação_354,770034,4928,0.0064,0.12,595.51,3326,2025-12-10
CMP_DEC_0355,Instagram,Instagram_Natal_355,1339646,47557,0.0355,0.05,2244.88,31854,2025-12-28
CMP_DEC_0356,Instagram,Instagram_Black_Friday_356,507606,27207,0.0536,0.02,603.95,18690,2025-12-12
CMP_DEC_0357,Instagram,Instagram_Natal_357,405428,10946,0.027,0.15,1634.55,8991,2025-12-18
CMP_DEC_0358,Google Ads,Google_Ads_Black_Friday_358,906843,37543,0.0414,0.13,4938.4,31193,2025-12-20
CMP_DEC_0359,Google Ads,Google_Ads_Liquidação_359,1294827,46613,0.036,0.02,704.81,40051,2025-12-03
CMP_DEC_0360,TikTok,TikTok_Fim_de_Ano_360,1082732,57168,0.0528,0.04,2275.13,41623,2025-12-03
CMP_DEC_0361,Google Ads,Google_Ads_Liquidação_361,1124201,59357,0.0528,0.03,1915.45,47304,2025-12-22
CMP_DEC_0362,Google Ads,Google_Ads_Black_Friday_362,1397764,16353,0.0117,0.09,1441.43,14145,2025-12-30
CMP_DEC_0363,TikTok,TikTok_Natal_363,441368,12667,0.0287,0.12,1500.48,8520,2025-12-31
CMP_DEC_0364,Google Ads,Google_Ads_Fim_de_Ano_364,948594,12521,0.0132,0.3,3777.51,9345,2025-12-17
CMP_DEC_0365,Google Ads,Google_Ads_Fim_de_Ano_365,1873190,81296,0.0434,0.04,3597.46,57469,2025-12-12
CMP_DEC_0366,TikTok,TikTok_Black_Friday_366,1143865,27109,0.0237,0.14,3716.05,21863,2025-12-23
CMP_DEC_0367,TikTok,TikTok_Liquidação_367,1691544,35691,0.0211,0.07,2423.1,28515,2025-12-08
CMP_DEC_0368,TikTok,TikTok_Black_Friday_368,448188,23126,0.0516,0.2,4739.94,16411,2025-12-07
CMP_DEC_0369,Instagram,Instagram_Fim_de_Ano_369,1994511,9972,0.005,0.23,2309.24,7606,2025-12-04
CMP_DEC_0370,TikTok,TikTok_Fim_de_Ano_370,588326,22297,0.0379,0.11,2520.77,16598,2025-12-28
CMP_DEC_0371,Google Ads,Google_Ads_Fim_de_Ano_371,1886978,55099,0.0292,0.05,2842.76,46767,2025-12-29
CMP_DEC_0372,Instagram,Instagram_Liquidação_372,1244925,22408,0.018,0.05,1017.08,15422,2025-12-08
CMP_DEC_0373,TikTok,TikTok_Liquidação_373,1764309,25053,0.0142,0.05,1207.44,18319,2025-12-22
CMP_DEC_0374,TikTok,TikTok_Black_Friday_374,1563665,73492,0.047,0.02,1227.69,66328,2025-12-09
CMP_DEC_0375,Google Ads,Google_Ads_Liquidação_375,1739290,20871,0.012,0.21,4344.66,18447,2025-12-04
CMP_DEC_0376,Google Ads,Google_Ads_Black_Friday_376,401723,11690,0.0291,0.12,1421.53,7730,2025-12-26
CMP_DEC_0377,TikTok,TikTok_Liquidação_377,1202799,24176,0.0201,0.16,3938.41,19321,2025-12-13
CMP_DEC_0378,TikTok,TikTok_Liquidação_378,732512,14357,0.0196,0.32,4654.38,11910,2025-12-24
CMP_DEC_0379,Google Ads,Google_Ads_Black_Friday_379,1545081,56858,0.0368,0.01,323.35,49386,2025-12-20
CMP_DEC_0380,Instagram,Instagram_Natal_380,768927,15147,0.0197,0.32,4774.8,9848,2025-12-23
CMP_DEC_0381,Google Ads,Google_Ads_Black_Friday_381,160594,5958,0.0371,0.33,1977.2,3968,2025-12-30
CMP_DEC_0382,TikTok,TikTok_Liquidação_382,981914,11193,0.0114,0.11,1179.94,8935,2025-12-11
CMP_DEC_0383,Instagram,Instagram_Fim_de_Ano_383,1621248,65012,0.0401,0.07,4334.69,49804,2025-12-16
CMP_DEC_0384,Instagram,Instagram_Fim_de_Ano_384,1928909,64811,0.0336,0.04,2609.01,59973,2025-12-01
CMP_DEC_0385,TikTok,TikTok_Fim_de_Ano_385,356090,11394,0.032,0.18,2015.79,9965,2025-12-30
CMP_DEC_0386,TikTok,TikTok_Liquidação_386,1817166,51425,0.0283,0.08,4356.27,41060,2025-12-12
CMP_DEC_0387,Instagram,Instagram_Fim_de_Ano_387,388388,4155,0.0107,1.02,4256.68,3524,2025-12-25
CMP_DEC_0388,Instagram,Instagram_Liquidação_388,1547137,15780,0.0102,0.15,2293.28,12180,2025-12-26
CMP_DEC_0389,Google Ads,Google_Ads_Liquidação_389,172151,4011,0.0233,0.55,2210.64,3364,2025-12-29
CMP_DEC_0390,Instagram,Instagram_Natal_390,625161,23881,0.0382,0.1,2432.09,16292,2025-12-20
CMP_DEC_0391,Instagram,Instagram_Fim_de_Ano_391,478562,13447,0.0281,0.2,2725.19,11670,2025-12-31
CMP_DEC_0392,TikTok,TikTok_Black_Friday_392,583497,12486,0.0214,0.34,4228.55,9228,2025-12-23
CMP_DEC_0393,TikTok,TikTok_Natal_393,749888,13048,0.0174,0.3,3967.68,10673,2025-12-16
CMP_DEC_0394,Google Ads,Google_Ads_Natal_394,1108968,41364,0.0373,0.07,2689.46,36162,2025-12-07
CMP_DEC_0395,TikTok,TikTok_Fim_de_Ano_395,173115,5920,0.0342,0.7,4168.78,4983,2025-12-22
CMP_DEC_0396,TikTok,TikTok_Natal_396,1641786,78149,0.0476,0.03,2481.67,56674,2025-12-07
CMP_DEC_0397,Google Ads,Google_Ads_Liquidação_397,643516,7722,0.012,0.09,698.47,7152,2025-12-31
CMP_DEC_0398,Google Ads,Google_Ads_Black_Friday_398,592729,20686,0.0349,0.15,3041.33,17887,2025-12-15
CMP_DEC_0399,Google Ads,Google_Ads_Black_Friday_399,1456114,6115,0.0042,0.36,2228.76,4789,2025-12-14
CMP_DEC_0400,TikTok,TikTok_Black_Friday_400,1624789,60929,0.0375,0.04,2307.27,52749,2025-12-14
CMP_DEC_0401,Google Ads,Google_Ads_Liquidação_401,456187,21349,0.0468,0.05,963.38,14378,2025-12-01
CMP_DEC_0402,Google Ads,Google_Ads_Natal_402,1283093,62743,0.0489,0.03,1666.77,55026,2025-12-05
CMP_DEC_0403,Instagram,Instagram_Liquidação_403,565503,17078,0.0302,0.14,2313.11,14078,2025-12-14
CMP_DEC_0404,Instagram,Instagram_Liquidação_404,812008,7470,0.0092,0.07,542.65,6464,2025-12-14
CMP_DEC_0405,TikTok,TikTok_Natal_405,1932743,91612,0.0474,0.01,811.08,81952,2025-12-17
CMP_DEC_0406,Instagram,Instagram_Liquidação_406,55001,682,0.0124,2.61,1780.77,512,2025-12-01
CMP_DEC_0407,TikTok,TikTok_Black_Friday_407,365953,12405,0.0339,0.34,4211.02,11500,2025-12-10
CMP_DEC_0408,Instagram,Instagram_Liquidação_408,938528,40825,0.0435,0.04,1517.49,28618,2025-12-16
CMP_DEC_0409,TikTok,TikTok_Liquidação_409,515727,26044,0.0505,0.08,2114.09,20939,2025-12-12
CMP_DEC_0410,Instagram,Instagram_Fim_de_Ano_410,221791,8405,0.0379,0.43,3620.44,6622,2025-12-22
CMP_DEC_0411,TikTok,TikTok_Black_Friday_411,523899,26928,0.0514,0.08,2060.7,24871,2025-12-28
CMP_DEC_0412,Instagram,Instagram_Natal_412,755129,15253,0.0202,0.05,835.63,11142,2025-12-18
CMP_DEC_0413,Google Ads,Google_Ads_Fim_de_Ano_413,808037,41937,0.0519,0.05,1922.02,30629,2025-12-26
CMP_DEC_0414,Google Ads,Google_Ads_Natal_414,842505,27465,0.0326,0.03,882.09,18108,2025-12-16
CMP_DEC_0415,Instagram,Instagram_Liquidação_415,969454,5525,0.0057,0.27,1495.34,4789,2025-12-07
CMP_DEC_0416,TikTok,TikTok_Fim_de_Ano_416,477626,9934,0.0208,0.08,783.42,7351,2025-12-17
CMP_DEC_0417,TikTok,TikTok_Black_Friday_417,1930257,14090,0.0073,0.04,603.56,10814,2025-12-09
CMP_DEC_0418,Instagram,Instagram_Black_Friday_418,1915442,50759,0.0265,0.08,4083.32,46799,2025-12-29
CMP_DEC_0419,Google Ads,Google_Ads_Fim_de_Ano_419,242205,13030,0.0538,0.31,4075.8,9659,2025-12-15
CMP_DEC_0420,Google Ads,Google_Ads_Fim_de_Ano_420,1313458,61601,0.0469,0.03,1562.44,46592,2025-12-30
CMP_DEC_0421,TikTok,TikTok_Natal_421,1659805,46142,0.0278,0.02,1072.4,36419,2025-12-15
CMP_DEC_0422,TikTok,TikTok_Fim_de_Ano_422,1208103,17517,0.0145,0.04,624.32,12497,2025-12-02
CMP_DEC_0423,TikTok,TikTok_Black_Friday_423,1662074,18615,0.0112,0.26,4906.6,15476,2025-12-24
CMP_DEC_0424,TikTok,TikTok_Black_Friday_424,1895014,94182,0.0497,0.01,665.3,86578,2025-12-12
CMP_DEC_0425,Google Ads,Google_Ads_Natal_425,1411996,50690,0.0359,0.09,4749.38,45264,2025-12-11
CMP_DEC_0426,Instagram,Instagram_Natal_426,183029,2580,0.0141,1.59,4099.25,2117,2025-12-29
CMP_DEC_0427,Instagram,Instagram_Natal_427,828046,18299,0.0221,0.12,2169.16,15582,2025-12-05
CMP_DEC_0428,Instagram,Instagram_Black_Friday_428,1922194,16915,0.0088,0.15,2469.42,11650,2025-12-05
CMP_DEC_0429,TikTok,TikTok_Natal_429,919432,37236,0.0405,0.11,4135.2,29685,2025-12-13
CMP_DEC_0430,Google Ads,Google_Ads_Liquidação_430,1242012,29559,0.0238,0.16,4864.32,21656,2025-12-26
CMP_DEC_0431,TikTok,TikTok_Black_Friday_431,1608602,73673,0.0458,0.06,4759.74,48182,2025-12-07
CMP_DEC_0432,Instagram,Instagram_Black_Friday_432,1471494,54445,0.037,0.07,4074.66,36077,2025-12-21
CMP_DEC_0433,TikTok,TikTok_Natal_433,1805386,91171,0.0505,0.02,1641.87,59781,2025-12-16
CMP_DEC_0434,TikTok,TikTok_Fim_de_Ano_434,608844,17656,0.029,0.04,717.2,14673,2025-12-26
CMP_DEC_0435,Instagram,Instagram_Liquidação_435,1471505,74899,0.0509,0.02,1376.25,57251,2025-12-30
CMP_DEC_0436,Google Ads,Google_Ads_Natal_436,449223,15498,0.0345,0.05,815.05,14022,2025-12-18
CMP_DEC_0437,Google Ads,Google_Ads_Natal_437,114339,5831,0.051,0.55,3211.23,4019,2025-12-31
CMP_DEC_0438,Google Ads,Google_Ads_Fim_de_Ano_438,858392,5150,0.006,0.34,1769.1,4765,2025-12-01
CMP_DEC_0439,Instagram,Instagram_Fim_de_Ano_439,728192,33569,0.0461,0.13,4245.93,22053,2025-12-29
CMP_DEC_0440,TikTok,TikTok_Liquidação_440,181300,2574,0.0142,0.3,782.82,1727,2025-12-20
CMP_DEC_0441,Google Ads,Google_Ads_Natal_441,1401302,37695,0.0269,0.1,3765.25,30957,2025-12-26
CMP_DEC_0442,Instagram,Instagram_Liquidação_442,1228665,53692,0.0437,0.01,569.42,46481,2025-12-22
CMP_DEC_0443,TikTok,TikTok_Natal_443,230930,2470,0.0107,1.93,4764.74,1951,2025-12-18
CMP_DEC_0444,Google Ads,Google_Ads_Natal_444,1466817,43564,0.0297,0.08,3269.85,39245,2025-12-25
CMP_DEC_0445,TikTok,TikTok_Fim_de_Ano_445,292702,13522,0.0462,0.12,1571.44,10289,2025-12-12
CMP_DEC_0446,Google Ads,Google_Ads_Natal_446,403488,12629,0.0313,0.18,2308.6,9014,2025-12-22
CMP_DEC_0447,Google Ads,Google_Ads_Fim_de_Ano_447,1958245,41906,0.0214,0.1,4133.37,34151,2025-12-21
CMP_DEC_0448,Instagram,Instagram_Black_Friday_448,215231,11687,0.0543,0.37,4379.98,9096,2025-12-06
CMP_DEC_0449,Google Ads,Google_Ads_Fim_de_Ano_449,1663826,67384,0.0405,0.04,2720.74,45281,2025-12-13
CMP_DEC_0450,Instagram,Instagram_Fim_de_Ano_450,1627842,54044,0.0332,0.07,3929.68,37445,2025-12-09
CMP_DEC_0451,Google Ads,Google_Ads_Fim_de_Ano_451,663734,13075,0.0197,0.07,901.41,10457,2025-12-21
CMP_DEC_0452,Google Ads,Google_Ads_Fim_de_Ano_452,417163,12264,0.0294,0.17,2145.11,11034,2025-12-12
CMP_DEC_0453,Instagram,Instagram_Natal_453,86529,3530,0.0408,0.65,2293.98,2672,2025-12-22
CMP_DEC_0454,TikTok,TikTok_Fim_de_Ano_454,364882,9486,0.026,0.22,2094.04,6942,2025-12-12
CMP_DEC_0455,Instagram,Instagram_Liquidação_455,1202256,7574,0.0063,0.34,2604.22,4928,2025-12-24
CMP_DEC_0456,Instagram,Instagram_Liquidação_456,1680935,56143,0.0334,0.02,1240.69,51481,2025-12-24
CMP_DEC_0457,Google Ads,Google_Ads_Natal_457,1778701,77017,0.0433,0.02,1320.18,55051,2025-12-10
CMP_DEC_0458,Instagram,Instagram_Black_Friday_458,632093,21807,0.0345,0.1,2151.34,17856,2025-12-27
CMP_DEC_0459,TikTok,TikTok_Natal_459,538361,4037,0.0075,1.15,4623.06,3298,2025-12-22
CMP_DEC_0460,Instagram,Instagram_Fim_de_Ano_460,1587450,28256,0.0178,0.1,2787.84,24213,2025-12-10
CMP_DEC_0461,Google Ads,Google_Ads_Black_Friday_461,1871423,38551,0.0206,0.08,3248.72,30727,2025-12-30
CMP_DEC_0462,Instagram,Instagram_Natal_462,1164923,58828,0.0505,0.05,3080.82,48225,2025-12-12
CMP_DEC_0463,Google Ads,Google_Ads_Black_Friday_463,1420091,20165,0.0142,0.22,4491.61,16138,2025-12-08
CMP_DEC_0464,TikTok,TikTok_Liquidação_464,866071,3810,0.0044,0.83,3171.36,2671,2025-12-20
CMP_DEC_0465,Instagram,Instagram_Fim_de_Ano_465,1187617,14132,0.0119,0.3,4275.18,11971,2025-12-29
CMP_DEC_0466,TikTok,TikTok_Liquidação_466,1966759,64509,0.0328,0.04,2507.75,42893,2025-12-08
CMP_DEC_0467,Instagram,Instagram_Natal_467,1551863,78524,0.0506,0.03,2674.62,65068,2025-12-01
CMP_DEC_0468,Instagram,Instagram_Black_Friday_468,1107558,40425,0.0365,0.04,1419.62,36041,2025-12-18
CMP_DEC_0469,TikTok,TikTok_Natal_469,710919,9597,0.0135,0.44,4246.23,6647,2025-12-05
CMP_DEC_0470,Google Ads,Google_Ads_Liquidação_470,290641,15200,0.0523,0.24,3607.5,11252,2025-12-26
CMP_DEC_0471,TikTok,TikTok_Black_Friday_471,882264,16410,0.0186,0.18,2934.12,12491,2025-12-19
CMP_DEC_0472,TikTok,TikTok_Black_Friday_472,336857,6029,0.0179,0.42,2525.41,4639,2025-12-21
CMP_DEC_0473,TikTok,TikTok_Liquidação_473,239104,11190,0.0468,0.03,310.8,7321,2025-12-27
CMP_DEC_0474,Instagram,Instagram_Fim_de_Ano_474,505473,5560,0.011,0.69,3823.99,3619,2025-12-01
CMP_DEC_0475,Google Ads,Google_Ads_Fim_de_Ano_475,1955810,80774,0.0413,0.02,1521.3,71599,2025-12-07
CMP_DEC_0476,Google Ads,Google_Ads_Liquidação_476,302572,7836,0.0259,0.16,1272.25,7000,2025-12-17
CMP_DEC_0477,TikTok,TikTok_Black_Friday_477,1171302,32093,0.0274,0.1,3122.58,22937,2025-12-30
CMP_DEC_0478,TikTok,TikTok_Liquidação_478,505964,13458,0.0266,0.08,1142.05,11732,2025-12-19
CMP_DEC_0479,TikTok,TikTok_Liquidação_479,423723,12796,0.0302,0.34,4401.18,8682,2025-12-26
CMP_DEC_0480,Instagram,Instagram_Black_Friday_480,1470646,44707,0.0304,0.08,3381.28,35564,2025-12-16
CMP_DEC_0481,Instagram,Instagram_Natal_481,1019779,48133,0.0472,0.05,2601.37,41294,2025-12-16
CMP_DEC_0482,TikTok,TikTok_Black_Friday_482,122715,2172,0.0177,1.03,2238.22,1745,2025-12-25
CMP_DEC_0483,TikTok,TikTok_Liquidação_483,1396493,63400,0.0454,0.01,847.12,50844,2025-12-05
CMP_DEC_0484,TikTok,TikTok_Natal_484,421223,12215,0.029,0.37,4543.39,9324,2025-12-05
CMP_DEC_0485,Instagram,Instagram_Liquidação_485,1872842,89709,0.0479,0.05,4106.07,71529,2025-12-03
CMP_DEC_0486,Google Ads,Google_Ads_Black_Friday_486,1822028,81809,0.0449,0.01,473.11,64334,2025-12-12
CMP_DEC_0487,Instagram,Instagram_Fim_de_Ano_487,1352610,50317,0.0372,0.02,1114.55,37326,2025-12-05
CMP_DEC_0488,TikTok,TikTok_Black_Friday_488,516867,2791,0.0054,1.33,3702.67,2205,2025-12-02
CMP_DEC_0489,TikTok,TikTok_Natal_489,1167823,28611,0.0245,0.15,4419.03,22095,2025-12-18
CMP_DEC_0490,TikTok,TikTok_Black_Friday_490,1340970,17164,0.0128,0.04,616.05,15769,2025-12-02
CMP_DEC_0491,TikTok,TikTok_Natal_491,462238,23296,0.0504,0.09,2127.34,20309,2025-12-13
CMP_DEC_0492,Instagram,Instagram_Liquidação_492,1984141,79762,0.0402,0.06,4530.46,52445,2025-12-05
CMP_DEC_0493,TikTok,TikTok_Black_Friday_493,654675,4386,0.0067,0.43,1882.13,3186,2025-12-09
CMP_DEC_0494,TikTok,TikTok_Liquidação_494,1622648,14279,0.0088,0.03,436.83,12248,2025-12-10
CMP_DEC_0495,Google Ads,Google_Ads_Liquidação_495,1792987,95386,0.0532,0.01,831.12,86310,2025-12-01
CMP_DEC_0496,Instagram,Instagram_Black_Friday_496,1103144,6067,0.0055,0.63,3822.45,4276,2025-12-26
CMP_DEC_0497,Google Ads,Google_Ads_Fim_de_Ano_497,175115,3327,0.019,0.91,3025.29,2808,2025-12-03
CMP_DEC_0498,Google Ads,Google_Ads_Fim_de_Ano_498,1243113,15290,0.0123,0.2,3084.34,13517,2025-12-22
CMP_DEC_0499,Google Ads,Google_Ads_Liquidação_499,1685023,17187,0.0102,0.13,2157.8,12962,2025-12-30
CMP_DEC_0500,TikTok,TikTok_Fim_de_Ano_500,1389810,27657,0.0199,0.09,2472.97,23730,2025-12-01
